Residue 3-letter name, C_aliphatic_area, C_aromatic_area, N_non_charged_area, N_charged_area, O_non_charged_area, O_charged_area, S_area, total_energy
Ala,131.740,0.000,38.610,0.000,44.550,0.000,0.000,-2065.860
Arg,166.700,0.000,87.970,28.530,31.680,0.000,0.000,-6283.290
Asn,87.260,0.000,88.010,0.000,81.150,0.000,0.000,-7360.500
Asp,90.230,0.000,36.010,0.000,89.580,35.990,0.000,-9114.920
Cys,90.380,0.000,36.030,0.000,44.550,0.000,72.540,-1163.160
Glu,117.800,0.000,35.110,0.000,89.580,37.340,0.000,-8718.560
Gln,116.100,0.000,86.440,0.000,81.670,0.000,0.000,-6796.180
Gly,65.400,0.000,40.710,0.000,28.080,0.000,0.000,-2405.520
His,82.460,104.650,33.940,13.550,44.550,0.000,0.000,-3422.690
Ile,211.060,0.000,34.570,0.000,44.560,0.000,0.000,-444.760
Leu,213.010,0.000,34.580,0.000,44.550,0.000,0.000,-409.560
Lys,195.030,0.000,19.650,32.750,32.780,0.000,0.000,-3034.650
Met,183.420,0.000,34.810,0.000,44.550,0.000,34.990,-218.430
Phe,76.970,169.000,32.760,0.000,44.550,0.000,0.000,-1418.920
Pro,195.160,0.000,0.000,0.000,42.380,0.000,0.000,1054.840
Ser,108.100,0.000,37.610,0.000,76.480,0.000,0.000,-4295.320
Thr,141.490,0.000,32.900,0.000,73.940,0.000,0.000,-3320.900
Trp,72.190,192.410,51.090,0.000,44.580,0.000,0.000,-2199.260
Tyr,78.120,137.890,31.480,0.000,84.730,0.000,0.000,-3916.100
Val,185.630,0.000,34.560,0.000,44.570,0.000,0.000,-902.600
