nanopore_name,peptide_name,voltage,peptide_conc,from_state,to_state,r_squared,bic,A1,A1_err,tau1,tau1_err,A2,A2_err,tau2,tau2_err,A3,A3_err,tau3,tau3_err,tau_mean,tau_mean_err
PA,guesthost_Phe,22.0,20.0,0,1,0.9959830215319151,-2768.7500633988575,0.7521385464691613,0.009577132322768557,0.007147510224858807,0.0001669602133079377,0.34746336456817695,0.004993806293567656,0.06591507849257072,0.00114251792444486,0.019499720641769313,0.0010749218434169129,0.760448514338301,0.03269823800486576,0.04310752649224825,0.0002906012338798726
PA,guesthost_Phe,22.0,20.0,0,2,0.994430260269188,-595.4351846859097,0.3482546220504077,1040786.5035162008,0.019362881874385753,20.6761796594762,0.3691734154370115,1040786.5303640073,0.019360918423687017,18.364380842166774,0.31023027955535504,0.05157895244890286,0.07508491039427818,0.004938658273740221,0.0371843622314465,0.0004765757846894738
PA,guesthost_Phe,22.0,20.0,0,3,,,,,,,,,,,,,,,,
PA,guesthost_Phe,22.0,20.0,1,0,0.9858499373146852,-2112.8211822142584,0.19052528581343567,0.13874657662100875,0.006821935654043749,0.007046566406571572,0.917441916962383,0.134988425123349,0.0018002808023133085,0.0005858955327332206,0.5478114475755944,0.25058496906411915,0.012583222043224021,0.0011423017508095405,0.009844637393296132,0.00019128693705936783
PA,guesthost_Phe,22.0,20.0,1,2,0.9914798281675392,-9992.661848045118,0.7464116689613743,434087.94326058397,0.009359079811790436,72.95089998377279,0.4062066562233818,434087.9460501589,0.009359113422777315,134.05152450108537,1.216404309239033e-06,0.24552442321717136,0.016704741982120925,569.1111601976291,0.01078748087066308,5.5378107950785434e-05
PA,guesthost_Phe,22.0,20.0,1,3,,,,,,,,,,,,,,,,
PA,guesthost_Phe,22.0,20.0,2,0,0.956659887301927,-345.989620613491,0.6125616411050334,0.07002239227362243,0.01352833596970698,0.003150780458549399,0.9999999999994609,1.414190312164054,0.0014321332821485616,0.0014057542282613945,0.0030221166351067368,0.04755777966429627,0.999999995279925,216.3507411271989,0.012741189586013871,0.6075415842896522
PA,guesthost_Phe,22.0,20.0,2,1,0.9957877271638041,-11432.973118827787,0.7706869805970021,216331.869942239,0.01549274396837882,704.9705727708786,0.2761184797106261,196028.43992939286,0.015492122386424,1858.478839512993,0.026798392274579093,220732.16966382018,0.015503237469782475,1129.9705572976304,0.016633179190223824,0.0002500932251338649
PA,guesthost_Phe,22.0,20.0,2,3,0.9433927610532058,-556.4336646393413,0.564644416633528,4449203.206099337,0.004023762634053102,4.425922564519839,0.7099398424197052,4449203.281606666,0.004022757492613589,3.2310296005114947,0.03200297034880907,0.01223711497830769,0.05593594041937719,0.020528721704801852,0.006918027168249561,0.00031074164460303887
