pore_variant,peptide,state,ddg_mean_kcal,ddg_std_kcal,num_replicates
PA_F427A,guesthost_Ala,0,1.0461,1.3170,8
PA_F427A,guesthost_Ala,1,-0.3738,0.8391,8
PA_F427A,guesthost_Ala,2,0.4618,0.8042,8
PA_F427A,guesthost_Leu,0,1.3259,0.5981,6
PA_F427A,guesthost_Leu,1,-0.7840,0.0574,6
PA_F427A,guesthost_Leu,2,-0.1526,0.1034,6
PA_F427A,guesthost_Phe,0,1.0789,0.7463,5
PA_F427A,guesthost_Phe,1,-0.4974,0.1314,6
PA_F427A,guesthost_Phe,2,-0.0909,0.2760,6
PA_F427A,guesthost_Thr,0,0.5494,0.5066,6
PA_F427A,guesthost_Thr,1,-0.2999,0.1669,6
PA_F427A,guesthost_Thr,2,-0.2062,0.2350,6
PA_F427A,guesthost_Trp,0,1.4071,0.6925,3
PA_F427A,guesthost_Trp,1,-0.7985,0.0760,3
PA_F427A,guesthost_Trp,2,-0.1024,0.5348,3
PA_F427A,guesthost_TrpDL,0,1.3342,0.8648,8
PA_F427A,guesthost_TrpDL,1,-1.4638,0.2562,8
PA_F427A,guesthost_TrpDL,2,-1.3191,0.3131,8
PA_F427A,guesthost_Tyr,0,1.8250,1.2589,5
PA_F427A,guesthost_Tyr,1,-0.3678,0.0877,5
PA_F427A,guesthost_Tyr,2,-0.3993,0.0728,5
PA_F427Y,guesthost_Ala,0,-0.0700,0.3035,14
PA_F427Y,guesthost_Ala,1,0.4031,0.5349,14
PA_F427Y,guesthost_Ala,2,0.2684,0.5493,14
PA_F427Y,guesthost_Leu,0,0.0925,0.5747,9
PA_F427Y,guesthost_Leu,1,-0.0726,0.5106,9
PA_F427Y,guesthost_Leu,2,0.3063,0.5380,9
PA_F427Y,guesthost_Phe,0,0.4175,0.4173,15
PA_F427Y,guesthost_Phe,1,-0.2287,0.1210,15
PA_F427Y,guesthost_Phe,2,-0.1926,0.1899,15
PA_F427Y,guesthost_Thr,0,0.6651,0.8510,5
PA_F427Y,guesthost_Thr,1,-0.0364,0.2285,5
PA_F427Y,guesthost_Thr,2,-0.3249,0.1494,5
PA_F427Y,guesthost_Trp,0,0.6728,0.0364,3
PA_F427Y,guesthost_Trp,1,-0.6049,0.0147,3
PA_F427Y,guesthost_Trp,2,-0.6042,0.0641,3
PA_F427Y,guesthost_TrpDL,0,0.3853,0.1395,4
PA_F427Y,guesthost_TrpDL,1,-1.1511,0.1445,4
PA_F427Y,guesthost_TrpDL,2,-1.4784,0.0595,4
PA_F427Y,guesthost_Tyr,0,1.1006,0.3909,6
PA_F427Y,guesthost_Tyr,1,-0.2568,0.0884,6
PA_F427Y,guesthost_Tyr,2,-0.4170,0.0282,6
