Time,Current,State
0.000000,0.017058,3
0.002500,-0.028717,3
0.005000,-0.190452,3
0.007500,-0.162987,3
0.010000,-0.349131,3
0.012500,-0.080576,3
0.015000,-0.388801,3
0.017500,0.139165,3
0.020000,-0.275870,3
0.022500,-0.059195,3
0.025000,-0.373520,3
0.027500,-0.217874,3
0.030000,-0.138519,3
0.032500,0.221596,3
0.035000,3.068892,1
0.037500,5.006757,0
0.040000,5.363822,0
0.042500,5.070857,0
0.045000,4.927433,0
0.047500,5.122748,0
0.050000,5.046463,0
0.052500,5.022049,0
0.055000,5.028154,0
0.057500,5.324189,0
0.060000,5.235684,0
0.062500,5.034280,0
0.065000,5.040385,0
0.067500,5.327260,0
0.070000,5.083126,0
0.072500,5.598871,0
0.075000,5.031256,0
0.077500,4.973271,0
0.080000,5.370007,0
0.082500,5.040422,0
0.085000,5.226587,0
0.087500,5.186923,0
0.090000,5.485998,0
0.092500,5.128943,0
0.095000,5.092328,0
0.097500,5.223564,0
0.100000,5.263239,0
0.102500,5.153384,0
0.105000,4.964180,0
0.107500,5.238845,0
0.110000,5.190020,0
0.112500,5.162555,0
0.115000,4.918421,0
0.117500,4.939786,0
0.120000,5.037451,0
0.122500,5.284647,0
0.125000,5.028302,0
0.127500,4.952017,0
0.130000,5.104612,0
0.132500,5.180908,0
0.135000,5.086313,0
0.137500,5.058848,0
0.140000,5.321304,0
0.142500,4.851339,0
0.145000,5.339624,0
0.147500,4.863559,0
0.150000,5.211465,0
0.152500,5.028360,0
0.155000,4.915455,0
0.157500,5.074151,0
0.160000,4.997866,0
0.162500,5.211491,0
0.165000,4.952096,0
0.167500,5.226762,0
0.170000,5.061967,0
0.172500,5.214562,0
0.175000,5.391568,0
0.177500,4.677463,0
0.180000,5.199318,0
0.182500,5.028423,0
0.185000,5.293939,0
0.187500,4.894164,0
0.190000,5.168829,0
0.192500,5.004035,0
0.195000,4.772110,0
0.197500,4.988785,0
0.200000,5.458760,0
0.202500,5.254296,0
0.205000,4.906401,0
0.207500,5.159706,0
0.210000,4.573772,0
0.212500,5.257377,0
0.215000,5.223812,0
0.217500,5.120057,0
0.220000,4.918643,0
0.222500,5.037668,0
0.225000,5.113963,0
0.227500,5.141439,0
0.230000,5.049894,0
0.232500,5.336759,0
0.235000,5.077364,0
0.237500,4.961410,0
0.240000,5.269635,0
0.242500,4.937000,0
0.245000,5.089596,0
0.247500,5.126221,0
0.250000,5.257456,0
0.252500,5.278821,0
0.255000,4.900407,0
0.257500,5.477192,0
0.260000,4.964507,0
0.262500,5.068273,0
0.265000,4.900428,0
0.267500,4.976723,0
0.270000,4.888228,0
0.272500,5.284964,0
0.275000,2.486509,2
0.277500,-0.144096,3
0.280000,0.096990,3
0.282500,-0.476735,3
0.285000,0.298420,3
0.287500,-0.504185,3
0.290000,-0.220369,3
0.292500,-0.318024,3
0.295000,-0.009789,3
0.297500,-0.021983,3
0.300000,-0.125738,3
0.302500,-0.159303,3
0.305000,-0.302738,3
0.307500,0.200808,3
0.310000,-0.134877,3
0.312500,0.155048,3
0.315000,-0.134866,3
0.317500,-0.418671,3
0.320000,-0.186736,3
0.322500,-0.333211,3
0.325000,-0.357625,3
0.327500,-0.467480,3
0.330000,0.164235,3
0.332500,-0.073789,3
0.335000,-0.244684,3
0.337500,-0.110409,3
0.340000,0.100176,3
0.342500,0.106282,3
0.345000,-0.339273,3
0.347500,-0.259918,3
0.350000,-0.140892,3
0.352500,-0.070697,3
0.355000,-0.168352,3
0.357500,0.081903,3
0.360000,-0.247681,3
0.362500,-0.247676,3
0.365000,-0.473501,3
0.367500,-0.134755,3
0.370000,0.011730,3
0.372500,0.072775,3
0.375000,-0.153050,3
0.377500,-0.177454,3
0.380000,-0.232389,3
0.382500,-0.009604,3
0.385000,-0.192698,3
0.387500,-0.030953,3
0.390000,0.240662,3
0.392500,-0.580263,3
0.395000,-0.287287,3
0.397500,-0.122482,3
0.400000,-0.397137,3
0.402500,-0.058391,3
0.405000,-0.040076,3
0.407500,-0.171291,3
0.410000,-0.311666,3
0.412500,0.402450,3
0.415000,-0.174325,3
0.417500,0.082030,3
0.420000,-0.213994,3
0.422500,-0.244499,3
0.425000,0.231576,3
0.427500,0.063731,3
0.430000,0.042377,3
0.432500,-0.064428,3
0.435000,0.017977,3
0.437500,-0.226157,3
0.440000,-0.143752,3
0.442500,-0.421457,3
0.445000,-0.088812,3
0.447500,0.024104,3
0.450000,-0.152891,3
0.452500,0.158394,3
0.455000,-0.134570,3
0.457500,0.332355,3
0.460000,-0.204750,3
0.462500,-0.223055,3
0.465000,0.027191,3
0.467500,0.021096,3
0.470000,-0.165059,3
0.472500,-0.128433,3
0.475000,-0.030768,3
0.477500,-0.097903,3
0.480000,0.085212,3
0.482500,-0.039912,3
0.485000,0.091323,3
0.487500,-0.235212,3
0.490000,-0.119236,3
0.492500,-0.439671,3
0.495000,-0.299276,3
0.497500,-0.079551,3
0.500000,-0.168045,3
0.502500,0.030330,3
0.505000,-0.674625,3
0.507500,-0.229059,3
0.510000,-0.299244,3
0.512500,-0.219899,3
0.515000,-0.158854,3
0.517500,-0.225988,3
0.520000,-0.113073,3
0.522500,-0.265658,3
0.525000,-0.210712,3
0.527500,-0.326677,3
0.530000,-0.030652,3
0.532500,-0.091677,3
0.535000,0.045649,3
0.537500,-0.286986,3
0.540000,-0.528071,3
0.542500,-0.207625,3
0.545000,-0.207620,3
0.547500,0.042625,3
0.550000,-0.076390,3
0.552500,-0.210654,3
0.555000,-0.271689,3
0.557500,-0.055004,3
0.560000,-0.183178,3
0.562500,-0.125183,3
0.565000,-0.134338,3
0.567500,0.115907,3
0.570000,0.109813,3
0.572500,-0.329632,3
0.575000,-0.039717,3
0.577500,-0.390661,3
0.580000,0.311254,3
0.582500,-0.131251,3
0.585000,-0.314346,3
0.587500,-0.552380,3
0.590000,-0.054935,3
0.592500,-0.195310,3
0.595000,-0.302124,3
0.597500,-0.238029,3
0.600000,-0.439444,3
0.602500,-0.067119,3
0.605000,0.180077,3
0.607500,-0.329558,3
0.610000,-0.216643,3
0.612500,-0.100667,3
0.615000,-0.164752,3
0.617500,0.256403,3
0.620000,-0.006052,3
0.622500,0.085514,3
0.625000,-0.057921,3
0.627500,0.015334,3
0.630000,-0.082320,3
0.632500,0.009235,3
0.635000,-0.036530,3
0.637500,-0.503445,3
0.640000,0.039771,3
0.642500,-0.173844,3
0.645000,-0.158579,3
0.647500,-0.070073,3
0.650000,-0.234868,3
0.652500,0.079467,3
0.655000,-0.170768,3
0.657500,-0.219592,3
0.660000,-0.121927,3
0.662500,-0.189062,3
0.665000,0.106964,3
0.667500,-0.002891,3
0.670000,0.085614,3
0.672500,-0.042561,3
0.675000,1.690845,2
0.677500,2.438530,2
0.680000,3.000065,2
0.682500,2.832221,2
0.685000,2.569776,2
0.687500,2.469071,2
0.690000,3.106896,1
0.692500,3.366302,1
0.695000,2.334807,2
0.697500,4.287942,0
0.700000,4.297098,0
0.702500,3.302233,1
0.705000,-0.436162,3
0.707500,-0.164557,3
0.710000,-0.161501,3
0.712500,-0.130976,3
0.715000,-0.234731,3
0.717500,-0.292705,3
0.720000,-0.320170,3
0.722500,-0.228605,3
0.725000,-0.524620,3
0.727500,-0.347614,3
0.730000,0.024701,3
0.732500,-0.155344,3
0.735000,-0.341499,3
0.737500,-0.234683,3
0.740000,-0.097348,3
0.742500,-0.005793,3
0.745000,-0.030197,3
0.747500,0.064408,3
0.750000,-0.115637,3
0.752500,0.064418,3
0.755000,0.052224,3
0.757500,0.036969,3
0.760000,-0.112566,3
0.762500,0.244500,3
0.765000,-0.198005,3
0.767500,-0.234620,3
0.770000,-0.069815,3
0.772500,0.198741,3
0.775000,-0.228494,3
0.777500,-0.649639,3
0.780000,-0.139983,3
0.782500,0.052282,3
0.785000,-0.121663,3
0.787500,-0.158278,3
0.790000,0.024828,3
0.792500,-0.564157,3
0.795000,0.037048,3
0.797500,-0.402396,3
0.800000,-0.240651,3
0.802500,-0.167406,3
0.805000,0.101159,3
0.807500,-0.200965,3
0.810000,-0.158230,3
0.812500,-0.121605,3
0.815000,-0.265039,3
0.817500,0.088976,3
0.820000,-0.033089,3
0.822500,-0.408454,3
0.825000,0.232422,3
0.827500,-0.167353,3
0.830000,-0.399278,3
0.832500,0.003558,3
0.835000,-0.136817,3
0.837500,-0.213112,3
0.840000,-0.084927,3
0.842500,-0.420611,3
0.845000,-0.078816,3
0.847500,-0.036081,3
0.850000,-0.005565,3
0.852500,-0.051330,3
0.855000,-0.036065,3
0.857500,-0.194750,3
0.860000,-0.152024,3
0.862500,0.034141,3
0.865000,0.049406,3
0.867500,0.253872,3
0.870000,0.021947,3
0.872500,-0.148948,3
0.875000,0.049427,3
0.877500,-0.252697,3
0.880000,0.018918,3
0.882500,-0.066527,3
0.885000,-0.118401,3
0.887500,-0.365586,3
0.890000,0.006729,3
0.892500,-0.429666,3
0.895000,-0.100070,3
0.897500,-0.444915,3
0.900000,-0.267910,3
0.902500,-0.469314,3
0.905000,-0.423539,3
0.907500,-0.344184,3
0.910000,-0.353339,3
0.912500,-0.295343,3
0.915000,-0.212948,3
0.917500,-0.136643,3
0.920000,-0.368567,3
0.922500,-0.335002,3
0.925000,-0.081697,3
0.927500,-0.658472,3
0.930000,-0.103046,3
0.932500,0.211289,3
0.935000,-0.051156,3
0.937500,-0.484500,3
0.940000,-0.179325,3
0.942500,-0.133540,3
0.945000,-0.222035,3
0.947500,-0.228129,3
0.950000,-0.478374,3
0.952500,-0.286109,3
0.955000,-0.148773,3
0.957500,0.016032,3
0.960000,-0.362383,3
0.962500,-0.313548,3
0.965000,-0.066352,3
0.967500,-0.356267,3
0.970000,-0.133482,3
0.972500,0.037424,3
0.975000,-0.292161,3
0.977500,-0.218916,3
0.980000,-0.060221,3
0.982500,-0.087675,3
0.985000,-0.099880,3
0.987500,-0.231105,3
0.990000,-0.047989,3
0.992500,-0.286024,3
0.995000,-0.166999,3
0.997500,-0.228024,3
1.000000,0.089362,3
1.002500,0.049697,3
1.005000,-0.316518,3
1.007500,-0.112042,3
1.010000,-0.398897,3
1.012500,-0.054042,3
1.015000,-0.423307,3
1.017500,-0.093711,3
1.020000,-0.038776,3
1.022500,-0.304271,3
1.025000,-0.221865,3
1.027500,-0.383600,3
1.030000,-0.044855,3
1.032500,0.010080,3
1.035000,-0.255414,3
1.037500,-0.090609,3
1.040000,-0.002104,3
1.042500,-0.096708,3
1.045000,-0.267603,3
1.047500,-0.597188,3
1.050000,-0.243173,3
1.052500,-0.096687,3
1.055000,-0.359132,3
1.057500,0.031503,3
1.060000,-0.291981,3
1.062500,0.025404,3
1.065000,-0.258401,3
1.067500,-0.078346,3
1.070000,-0.133270,3
1.072500,0.223795,3
1.075000,-0.121050,3
1.077500,-0.298044,3
1.080000,-0.230909,3
1.082500,0.016296,3
1.085000,0.138371,3
1.087500,-0.285823,3
1.090000,-0.032518,3
1.092500,0.098707,3
1.095000,-0.154577,3
1.097500,-0.246122,3
1.100000,-0.090477,3
1.102500,-0.218652,3
1.105000,-0.343766,3
1.107500,0.019399,3
1.110000,-0.563486,3
1.112500,0.056030,3
1.115000,-0.374265,3
1.117500,-0.322380,3
1.120000,-0.108755,3
1.122500,-0.160629,3
1.125000,-0.380344,3
1.127500,-0.273529,3
1.130000,-0.224693,3
1.132500,0.031662,3
1.135000,0.077437,3
1.137500,-0.401678,3
1.140000,0.062188,3
1.142500,-0.377257,3
1.145000,-0.004942,3
1.147500,-0.194136,3
1.150000,0.068319,3
1.152500,-0.523716,3
1.155000,-0.380281,3
1.157500,-0.194115,3
1.160000,-0.218530,3
1.162500,-0.178855,3
1.165000,-0.227669,3
1.167500,-0.230724,3
1.170000,-0.187989,3
1.172500,-0.447384,3
1.175000,-0.368028,3
1.177500,-0.395493,3
1.180000,0.083642,3
1.182500,-0.429052,3
1.185000,2.366363,2
1.187500,2.418248,2
1.190000,3.165933,1
1.192500,2.204639,2
1.195000,3.757984,1
1.197500,4.374449,0
1.200000,4.466005,0
1.202500,4.215770,0
1.205000,4.173045,0
1.207500,4.240190,0
1.210000,4.139486,0
1.212500,4.456871,0
1.215000,2.479346,2
1.217500,-0.065818,3
1.220000,-0.383193,3
1.222500,-0.236708,3
1.225000,-0.367923,3
1.227500,-0.093267,3
1.230000,-0.032222,3
1.232500,-0.056637,3
1.235000,-0.062731,3
1.237500,-0.254986,3
1.240000,0.099019,3
1.242500,0.001374,3
1.245000,-0.377040,3
1.247500,-0.254965,3
1.250000,-0.523510,3
1.252500,-0.047434,3
1.255000,-0.120669,3
1.257500,-0.282414,3
1.260000,-0.261039,3
1.262500,-0.413623,3
1.265000,-0.315968,3
1.267500,-0.193883,3
1.270000,0.294403,3
1.272500,-0.111482,3
1.275000,-0.154197,3
1.277500,-0.489892,3
1.280000,-0.077896,3
1.282500,-0.224371,3
1.285000,-0.151126,3
1.287500,-0.358640,3
1.290000,-0.242665,3
1.292500,-0.343370,3
1.295000,-0.068705,3
1.297500,0.047261,3
1.300000,-0.029024,3
1.302500,-0.059539,3
1.305000,-0.398273,3
1.307500,-0.141918,3
1.310000,-0.175483,3
1.312500,-0.090028,3
1.315000,0.013728,3
1.317500,-0.099177,3
1.320000,0.019848,3
1.322500,-0.111376,3
1.325000,-0.230391,3
1.327500,-0.730866,3
1.330000,-0.108311,3
1.332500,-0.056425,3
1.335000,0.123640,3
1.337500,-0.047255,3
1.340000,-0.126599,3
1.342500,-0.459234,3
1.345000,-0.059449,3
1.347500,-0.071644,3
1.350000,-0.007558,3
1.352500,-0.285263,3
1.355000,-0.141818,3
1.357500,-0.453092,3
1.360000,-0.331017,3
1.362500,0.038248,3
1.365000,-0.230307,3
1.367500,-0.193671,3
1.370000,-0.324896,3
1.372500,-0.227231,3
1.375000,-0.251645,3
1.377500,-0.001390,3
1.380000,-0.144825,3
1.382500,-0.193640,3
1.385000,-0.007484,3
1.387500,-0.367579,3
1.390000,-0.166164,3
1.392500,-0.352318,3
1.395000,-0.242443,3
1.397500,-0.117318,3
1.400000,0.047477,3
1.402500,0.007813,3
1.405000,-0.477412,3
1.407500,-0.373647,3
1.410000,-0.303451,3
1.412500,-0.300396,3
1.415000,-0.425511,3
1.417500,-0.129486,3
1.420000,0.074990,3
1.422500,-0.266805,3
1.425000,-0.120310,3
1.427500,-0.242374,3
1.430000,-0.004339,3
1.432500,-0.071464,3
1.435000,0.117741,3
1.437500,-0.364423,3
1.440000,-0.199628,3
1.442500,-0.239293,3
1.445000,-0.108067,3
1.447500,-0.318632,3
1.450000,-0.336937,3
1.452500,-0.126362,3
1.455000,-0.159926,3
1.457500,-0.401001,3
1.460000,-0.217896,3
1.462500,-0.379630,3
1.465000,-0.376575,3
1.467500,0.099500,3
1.470000,-0.342995,3
1.472500,-0.397919,3
1.475000,-0.275844,3
1.477500,-0.513879,3
1.480000,0.215497,3
1.482500,-0.059158,3
1.485000,-0.437573,3
1.487500,-0.254458,3
1.490000,-0.086602,3
1.492500,-0.284967,3
1.495000,-0.037772,3
1.497500,-0.059126,3
1.500000,-0.199501,3
1.502500,-0.178136,3
1.505000,-0.410061,3
1.507500,-0.062155,3
1.510000,-0.202530,3
1.512500,-0.205575,3
1.515000,-0.077399,3
1.517500,-0.092654,3
1.520000,-0.406979,3
1.522500,0.008066,3
1.525000,-0.419168,3
1.527500,-0.162823,3
1.530000,-0.248268,3
1.532500,-0.419152,3
1.535000,-0.037687,3
1.537500,-0.315392,3
1.540000,0.078293,3
1.542500,-0.565621,3
1.545000,-0.178046,3
1.547500,0.078309,3
1.550000,0.276685,3
1.552500,-0.187180,3
1.555000,-0.443525,3
1.557500,0.008140,3
1.560000,-0.498444,3
1.562500,-0.232939,3
1.565000,-0.312274,3
1.567500,-0.022358,3
1.570000,-0.318373,3
1.572500,2.940912,2
1.575000,2.574707,2
1.577500,4.109743,0
1.580000,4.268448,0
1.582500,3.801533,1
1.585000,-0.061991,3
1.587500,-0.174896,3
1.590000,-0.174891,3
1.592500,-0.602136,3
1.595000,-0.068070,3
1.597500,-0.357985,3
1.600000,-0.095530,3
1.602500,-0.431214,3
1.605000,-0.345759,3
1.607500,-0.153494,3
1.610000,-0.443409,3
1.612500,-0.272503,3
1.615000,-0.043618,3
1.617500,-0.306063,3
1.620000,-0.217557,3
1.622500,-0.394552,3
1.625000,-0.214497,3
1.627500,-0.214492,3
1.630000,-0.196176,3
1.632500,-0.080201,3
1.635000,-0.244986,3
1.637500,-0.000840,3
1.640000,-0.193095,3
1.642500,-0.244970,3
1.645000,-0.306005,3
1.647500,-0.254119,3
1.650000,0.060216,3
1.652500,-0.055749,3
1.655000,-0.080153,3
1.657500,-0.205268,3
1.660000,-0.275453,3
1.662500,0.154852,3
1.665000,-0.244922,3
1.667500,-0.223557,3
1.670000,-0.403612,3
1.672500,-0.287636,3
1.675000,-0.357821,3
1.677500,-0.412746,3
1.680000,-0.220481,3
1.682500,-0.028215,3
1.685000,-0.086190,3
1.687500,-0.266245,3
1.690000,0.112181,3
1.692500,-0.321164,3
1.695000,-0.006829,3
1.697500,-0.147204,3
1.700000,-0.424908,3
1.702500,-0.498143,3
1.705000,-0.244838,3
1.707500,-0.110562,3
1.710000,-0.290607,3
1.712500,0.020678,3
1.715000,0.002373,3
1.717500,-0.324161,3
1.720000,1.613714,2
1.722500,2.828319,2
1.725000,4.384715,0
1.727500,1.567950,2
1.730000,-0.034215,3
1.732500,-0.046420,3
1.735000,-0.321074,3
1.737500,-0.308859,3
1.740000,-0.186784,3
1.742500,-0.232558,3
1.745000,-0.192873,3
1.747500,-0.092168,3
1.750000,-0.223383,3
1.752500,0.234383,3
1.755000,-0.473622,3
1.757500,-0.348487,3
1.760000,-0.229471,3
1.762500,-0.192836,3
1.765000,-0.317961,3
1.767500,-0.101276,3
1.770000,-0.214190,3
1.772500,-0.064645,3
1.775000,0.036070,3
1.777500,-0.183654,3
1.780000,-0.266049,3
1.782500,-0.174484,3
1.785000,-0.412519,3
1.787500,-0.394203,3
1.790000,-0.189728,3
1.792500,-0.391143,3
1.795000,-0.214137,3
1.797500,-0.165302,3
1.800000,0.380973,3
1.802500,2.553828,2
1.805000,2.270014,2
1.807500,2.318849,2
1.810000,2.212044,2
1.812500,2.804090,2
1.815000,2.913955,2
1.817500,2.553860,2
1.820000,2.279205,2
1.822500,2.321931,2
1.825000,3.765426,1
1.827500,4.165211,0
1.830000,4.229297,0
1.832500,4.110282,0
1.835000,4.363587,0
1.837500,1.327092,2
1.840000,-0.189622,3
1.842500,-0.351367,3
1.845000,-0.381872,3
1.847500,-0.372716,3
1.850000,0.072849,3
1.852500,-0.427636,3
1.855000,-0.308611,3
1.857500,-0.357435,3
1.860000,-0.506970,3
1.862500,-0.015625,3
1.865000,-0.336059,3
1.867500,-0.329944,3
1.870000,-0.400129,3
1.872500,-0.247544,3
1.875000,-0.308568,3
1.877500,-0.162083,3
1.880000,-0.293298,3
1.882500,-0.271932,3
1.885000,-0.122387,3
1.887500,-0.464182,3
1.890000,-0.223087,3
1.892500,-0.235291,3
1.895000,2.846994,2
1.897500,3.588569,1
1.900000,3.115555,1
1.902500,2.517420,2
1.905000,2.908045,2
1.907500,2.770720,2
1.910000,3.210186,1
1.912500,2.590681,2
1.915000,2.212266,2
1.917500,2.612052,2
1.920000,2.453367,2
1.922500,3.216312,1
1.925000,3.527597,1
1.927500,2.935563,2
1.930000,3.033218,2
1.932500,2.102443,2
1.935000,2.633449,2
1.937500,2.813514,2
1.940000,2.480879,2
1.942500,3.088174,1
1.945000,3.143120,1
1.947500,2.624325,2
1.950000,2.700620,2
1.952500,2.554146,2
1.955000,3.451361,1
1.957500,3.121776,1
1.960000,3.198081,1
1.962500,3.356777,1
1.965000,2.389372,2
1.967500,2.688447,2
1.970000,3.033303,2
1.972500,2.322248,2
1.975000,3.060783,2
1.977500,2.847168,2
1.980000,4.324224,0
1.982500,4.119759,0
1.985000,4.333384,0
1.987500,4.357810,0
1.990000,4.315085,0
1.992500,4.235750,0
1.995000,0.063995,3
1.997500,-0.302209,3
2.000000,-0.170974,3
2.002500,-0.228959,3
2.005000,-0.219793,3
2.007500,-0.293028,3
2.010000,-0.143493,3
2.012500,-0.299128,3
2.015000,0.195268,3
2.017500,0.152543,3
2.020000,-0.244172,3
2.022500,-0.238066,3
2.025000,0.061009,3
2.027500,-0.244156,3
2.030000,-0.250261,3
2.032500,-0.103765,3
2.035000,-0.012210,3
2.037500,-0.466915,3
2.040000,0.177011,3
2.042500,-0.530994,3
2.045000,-0.222759,3
2.047500,0.030536,3
2.050000,-0.064058,3
2.052500,-0.051843,3
2.055000,-0.494348,3
2.057500,0.097698,3
2.060000,-0.567577,3
2.062500,-0.039622,3
2.065000,-0.302067,3
2.067500,-0.375301,3
2.070000,-0.201346,3
2.072500,0.021439,3
2.075000,-0.118935,3
2.077500,-0.152500,3
2.080000,0.015345,3
2.082500,-0.161650,3
2.085000,-0.183004,3
2.087500,-0.317279,3
2.090000,-0.240974,3
2.092500,-0.421028,3
2.095000,-0.115843,3
2.097500,-0.192128,3
2.100000,-0.189073,3
2.102500,-0.329447,3
2.105000,-0.536962,3
2.107500,-0.485077,3
2.110000,-0.189051,3
2.112500,0.018474,3
2.115000,-0.195151,3
2.117500,-0.103586,3
2.120000,0.009330,3
2.122500,-0.112735,3
2.125000,-0.356870,3
2.127500,-0.311084,3
2.130000,0.024611,3
2.132500,-0.366004,3
2.135000,-0.210369,3
2.137500,-0.274443,3
2.140000,-0.021148,3
2.142500,-0.237813,3
2.145000,-0.430067,3
2.147500,-0.558242,3
2.150000,-0.054697,3
2.152500,-0.051632,3
2.155000,-0.201166,3
2.157500,0.110119,3
2.160000,-0.686386,3
2.162500,-0.298810,3
2.165000,-0.280495,3
2.167500,-0.393400,3
2.170000,-0.152305,3
2.172500,-0.066849,3
2.175000,0.296316,3
2.177500,-0.384229,3
2.180000,0.055237,3
2.182500,-0.097348,3
2.185000,0.058297,3
2.187500,-0.484908,3
2.190000,0.021688,3
2.192500,-0.466587,3
2.195000,-0.121732,3
2.197500,-0.399436,3
2.200000,-0.210231,3
2.202500,-0.188856,3
2.205000,-0.475721,3
2.207500,-0.368905,3
2.210000,-0.097290,3
2.212500,-0.161375,3
2.215000,-0.170520,3
2.217500,-0.262074,3
2.220000,0.009541,3
2.222500,0.165186,3
2.225000,-0.231538,3
2.227500,0.156047,3
2.230000,-0.237628,3
2.232500,-0.008743,3
2.235000,-0.213207,3
2.237500,-0.390202,3
2.240000,0.229313,3
2.242500,-0.051441,3
2.245000,0.113354,3
2.247500,-0.045331,3
2.250000,-0.234536,3
2.252500,-0.258940,3
2.255000,-0.445095,3
2.257500,-0.075830,3
2.260000,-0.161274,3
2.262500,-0.069709,3
2.265000,-0.149054,3
2.267500,0.043211,3
2.270000,-0.121573,3
2.272500,0.113412,3
2.275000,-0.023913,3
2.277500,-0.203957,3
2.280000,-0.203952,3
2.282500,-0.179537,3
2.285000,0.201938,3
2.287500,-0.136796,3
2.290000,-0.097121,3
2.292500,0.085994,3
2.295000,-0.206970,3
2.297500,-0.475525,3
2.300000,-0.084890,3
2.302500,-0.277145,3
2.305000,-0.405319,3
2.307500,0.134846,3
2.310000,-0.374789,3
2.312500,0.150117,3
2.315000,-0.463278,3
2.317500,-0.216083,3
2.320000,-0.209978,3
2.322500,-0.097052,3
2.325000,-0.155027,3
2.327500,-0.377802,3
2.330000,-0.164176,3
2.332500,-0.176381,3
2.335000,0.137964,3
2.337500,-0.447971,3
2.340000,0.086095,3
2.342500,-0.270960,3
2.345000,-0.249595,3
2.347500,-0.121409,3
2.350000,-0.124464,3
2.352500,-0.515079,3
2.355000,-0.231264,3
2.357500,0.211252,3
2.360000,-0.093923,3
2.362500,-0.103068,3
2.365000,0.019008,3
2.367500,0.098353,3
2.370000,0.162448,3
2.372500,0.165503,3
2.375000,0.220439,3
2.377500,0.556144,3
2.380000,-0.109141,3
2.382500,-0.063355,3
2.385000,0.043460,3
2.387500,-0.115225,3
2.390000,-0.124380,3
2.392500,-0.270854,3
2.395000,-0.063329,3
2.397500,0.147246,3
2.400000,-0.167078,3
2.402500,0.022137,3
2.405000,-0.051098,3
2.407500,-0.112133,3
2.410000,-0.243347,3
2.412500,0.028258,3
2.415000,0.055733,3
2.417500,-0.106011,3
2.420000,0.052694,3
2.422500,0.080159,3
2.425000,-0.057166,3
2.427500,-0.163970,3
2.430000,0.278545,3
2.432500,0.132060,3
2.435000,-0.127334,3
2.437500,0.071041,3
2.440000,-0.191404,3
2.442500,-0.014399,3
2.445000,0.055797,3
2.447500,0.055802,3
2.450000,-0.240213,3
2.452500,0.025293,3
2.455000,-0.060152,3
2.457500,-0.047937,3
2.460000,-0.237142,3
2.462500,0.141284,3
2.465000,-0.121161,3
2.467500,-0.133366,3
2.470000,-0.154720,3
2.472500,0.165715,3
2.475000,-0.032640,3
2.477500,-0.252365,3
2.480000,-0.026529,3
2.482500,0.168786,3
2.485000,0.034521,3
2.487500,-0.350003,3
2.490000,0.049782,3
2.492500,-0.285903,3
2.495000,-0.111948,3
2.497500,-0.203492,3
2.500000,0.113893,3
2.502500,0.025398,3
2.505000,-0.114976,3
2.507500,2.808609,2
2.510000,3.711934,1
2.512500,2.353909,2
2.515000,3.095495,1
2.517500,2.115880,2
2.520000,-0.047805,3
2.522500,0.123101,3
2.525000,-0.050844,3
2.527500,-0.371279,3
2.530000,0.046816,3
2.532500,-0.105768,3
2.535000,0.251297,3
2.537500,-0.108808,3
2.540000,0.211638,3
2.542500,-0.005037,3
2.545000,0.052958,3
2.547500,-0.069107,3
2.550000,-0.084361,3
2.552500,-0.261366,3
2.555000,-0.212531,3
2.557500,-0.133175,3
2.560000,-0.044670,3
2.562500,0.074355,3
2.565000,-0.243020,3
2.567500,0.001126,3
2.570000,-0.172819,3
2.572500,0.080476,3
2.575000,0.062172,3
2.577500,-0.413893,3
2.580000,0.077442,3
2.582500,-0.188053,3
2.585000,0.077453,3
2.587500,-0.041562,3
2.590000,0.190373,3
2.592500,0.001179,3
2.595000,-0.163616,3
2.597500,-0.215491,3
2.600000,0.144624,3
2.602500,0.208720,3
2.605000,0.172095,3
2.607500,0.138540,3
2.610000,-0.307014,3
2.612500,0.046991,3
2.615000,-0.334474,3
2.617500,0.187381,3
2.620000,-0.087263,3
2.622500,0.135512,3
2.625000,0.019557,3
2.627500,-0.172697,3
2.630000,0.220978,3
2.632500,0.141643,3
2.635000,-0.026202,3
2.637500,-0.297806,3
2.640000,0.120289,3
2.642500,-0.038396,3
2.645000,-0.145200,3
2.647500,0.028755,3
2.650000,0.382770,3
2.652500,2.720415,2
2.655000,2.638021,2
2.657500,3.022556,2
2.660000,2.674661,2
2.662500,2.927957,2
2.665000,2.744862,2
2.667500,3.071397,1
2.670000,2.143672,2
2.672500,2.802858,2
2.675000,2.668583,2
2.677500,2.610608,2
2.680000,2.866964,2
2.682500,2.750999,2
2.685000,2.732694,2
2.687500,2.799839,2
2.690000,3.022625,2
2.692500,2.635050,2
2.695000,2.403125,2
2.697500,3.794731,1
2.700000,3.248476,1
2.702500,2.934151,2
2.705000,4.109076,0
2.707500,2.595412,2
2.710000,2.293297,2
2.712500,2.690022,2
2.715000,2.958588,2
2.717500,4.054173,1
2.720000,4.609598,0
2.722500,4.301373,0
2.725000,4.304429,0
2.727500,4.115234,0
2.730000,3.739869,1
2.732500,-0.010735,3
2.735000,0.065560,3
2.737500,-0.117535,3
2.740000,0.071680,3
2.742500,-0.395234,3
2.745000,-0.120569,3
2.747500,0.105266,3
2.750000,-0.016798,3
2.752500,-0.090043,3
2.755000,-0.035108,3
2.757500,-0.019843,3
2.760000,-0.572197,3
2.762500,-0.041192,3
2.765000,-0.215137,3
2.767500,0.202959,3
